id,answer
4001,answer
4002,answer
4003,answer
4004,answer
4005,answer
4006,answer
4007,answer
4008,answer
4009,answer
4010,answer
4011,answer
4012,answer
4013,answer
4014,answer
4015,answer
4016,answer
4017,answer
4018,answer
4019,answer
4020,answer
4021,answer
4022,answer
4023,answer
4024,answer
4025,answer
4026,answer
4027,answer
4028,answer
4029,answer
4030,answer
4031,answer
4032,answer
4033,answer
4034,answer
4035,answer
4036,answer
4037,answer
4038,answer
4039,answer
4040,answer
4041,answer
4042,answer
4043,answer
4044,answer
4045,answer
4046,answer
4047,answer
4048,answer
4049,answer
4050,answer
4051,answer
4052,answer
4053,answer
4054,answer
4055,answer
4056,answer
4057,answer
4058,answer
4059,answer
4060,answer
4061,answer
4062,answer
4063,answer
4064,answer
4065,answer
4066,answer
4067,answer
4068,answer
4069,answer
4070,answer
4071,answer
4072,answer
4073,answer
4074,answer
4075,answer
4076,answer
4077,answer
4078,answer
4079,answer
4080,answer
4081,answer
4082,answer
4083,answer
4084,answer
4085,answer
4086,answer
4087,answer
4088,answer
4089,answer
4090,answer
4091,answer
4092,answer
4093,answer
4094,answer
4095,answer
4096,answer
4097,answer
4098,answer
4099,answer
4100,answer
4101,answer
4102,answer
4103,answer
4104,answer
4105,answer
4106,answer
4107,answer
4108,answer
4109,answer
4110,answer
4111,answer
4112,answer
4113,answer
4114,answer
4115,answer
4116,answer
4117,answer
4118,answer
4119,answer
4120,answer
4121,answer
4122,answer
4123,answer
4124,answer
4125,answer
4126,answer
4127,answer
4128,answer
4129,answer
4130,answer
4131,answer
4132,answer
4133,answer
4134,answer
4135,answer
4136,answer
4137,answer
4138,answer
4139,answer
4140,answer
4141,answer
4142,answer
4143,answer
4144,answer
4145,answer
4146,answer
4147,answer
4148,answer
4149,answer
4150,answer
4151,answer
4152,answer
4153,answer
4154,answer
4155,answer
4156,answer
4157,answer
4158,answer
4159,answer
4160,answer
4161,answer
4162,answer
4163,answer
4164,answer
4165,answer
4166,answer
4167,answer
4168,answer
4169,answer
4170,answer
4171,answer
4172,answer
4173,answer
4174,answer
4175,answer
4176,answer
4177,answer
4178,answer
4179,answer
4180,answer
4181,answer
4182,answer
4183,answer
4184,answer
4185,answer
4186,answer
4187,answer
4188,answer
4189,answer
4190,answer
4191,answer
4192,answer
4193,answer
4194,answer
4195,answer
4196,answer
4197,answer
4198,answer
4199,answer
4200,answer
4201,answer
4202,answer
4203,answer
4204,answer
4205,answer
4206,answer
4207,answer
4208,answer
4209,answer
4210,answer
4211,answer
4212,answer
4213,answer
4214,answer
4215,answer
4216,answer
4217,answer
4218,answer
4219,answer
4220,answer
4221,answer
4222,answer
4223,answer
4224,answer
4225,answer
4226,answer
4227,answer
4228,answer
4229,answer
4230,answer
4231,answer
4232,answer
4233,answer
4234,answer
4235,answer
4236,answer
4237,answer
4238,answer
4239,answer
4240,answer
4241,answer
4242,answer
4243,answer
4244,answer
4245,answer
4246,answer
4247,answer
4248,answer
4249,answer
4250,answer
4251,answer
4252,answer
4253,answer
4254,answer
4255,answer
4256,answer
4257,answer
4258,answer
4259,answer
4260,answer
4261,answer
4262,answer
4263,answer
4264,answer
4265,answer
4266,answer
4267,answer
4268,answer
4269,answer
4270,answer
4271,answer
4272,answer
4273,answer
4274,answer
4275,answer
4276,answer
4277,answer
4278,answer
4279,answer
4280,answer
4281,answer
4282,answer
4283,answer
4284,answer
4285,answer
4286,answer
4287,answer
4288,answer
4289,answer
4290,answer
4291,answer
4292,answer
4293,answer
4294,answer
4295,answer
4296,answer
4297,answer
4298,answer
4299,answer
4300,answer
4301,answer
4302,answer
4303,answer
4304,answer
4305,answer
4306,answer
4307,answer
4308,answer
4309,answer
4310,answer
4311,answer
4312,answer
4313,answer
4314,answer
4315,answer
4316,answer
4317,answer
4318,answer
4319,answer
4320,answer
4321,answer
4322,answer
4323,answer
4324,answer
4325,answer
4326,answer
4327,answer
4328,answer
4329,answer
4330,answer
4331,answer
4332,answer
4333,answer
4334,answer
4335,answer
4336,answer
4337,answer
4338,answer
4339,answer
4340,answer
4341,answer
4342,answer
4343,answer
4344,answer
4345,answer
4346,answer
4347,answer
4348,answer
4349,answer
4350,answer
4351,answer
4352,answer
4353,answer
4354,answer
4355,answer
4356,answer
4357,answer
4358,answer
4359,answer
4360,answer
4361,answer
4362,answer
4363,answer
4364,answer
4365,answer
4366,answer
4367,answer
4368,answer
4369,answer
4370,answer
4371,answer
4372,answer
4373,answer
4374,answer
4375,answer
4376,answer
4377,answer
4378,answer
4379,answer
4380,answer
4381,answer
4382,answer
4383,answer
4384,answer
4385,answer
4386,answer
4387,answer
4388,answer
4389,answer
4390,answer
4391,answer
4392,answer
4393,answer
4394,answer
4395,answer
4396,answer
4397,answer
4398,answer
4399,answer
4400,answer
4401,answer
4402,answer
4403,answer
4404,answer
4405,answer
4406,answer
4407,answer
4408,answer
4409,answer
4410,answer
4411,answer
4412,answer
4413,answer
4414,answer
4415,answer
4416,answer
4417,answer
4418,answer
4419,answer
4420,answer
4421,answer
4422,answer
4423,answer
4424,answer
4425,answer
4426,answer
4427,answer
4428,answer
4429,answer
4430,answer
4431,answer
4432,answer
4433,answer
4434,answer
4435,answer
4436,answer
4437,answer
4438,answer
4439,answer
4440,answer
4441,answer
4442,answer
4443,answer
4444,answer
4445,answer
4446,answer
4447,answer
4448,answer
4449,answer
4450,answer
4451,answer
4452,answer
4453,answer
4454,answer
4455,answer
4456,answer
4457,answer
4458,answer
4459,answer
4460,answer
4461,answer
4462,answer
4463,answer
4464,answer
4465,answer
4466,answer
4467,answer
4468,answer
4469,answer
4470,answer
4471,answer
4472,answer
4473,answer
4474,answer
4475,answer
4476,answer
4477,answer
4478,answer
4479,answer
4480,answer
4481,answer
4482,answer
4483,answer
4484,answer
4485,answer
4486,answer
4487,answer
4488,answer
4489,answer
4490,answer
4491,answer
4492,answer
4493,answer
4494,answer
4495,answer
4496,answer
4497,answer
4498,answer
4499,answer
4500,answer
4501,answer
4502,answer
4503,answer
4504,answer
4505,answer
4506,answer
4507,answer
4508,answer
4509,answer
4510,answer
4511,answer
4512,answer
4513,answer
4514,answer
4515,answer
4516,answer
4517,answer
4518,answer
4519,answer
4520,answer
4521,answer
4522,answer
4523,answer
4524,answer
4525,answer
4526,answer
4527,answer
4528,answer
4529,answer
4530,answer
4531,answer
4532,answer
4533,answer
4534,answer
4535,answer
4536,answer
4537,answer
4538,answer
4539,answer
4540,answer
4541,answer
4542,answer
4543,answer
4544,answer
4545,answer
4546,answer
4547,answer
4548,answer
4549,answer
4550,answer
4551,answer
4552,answer
4553,answer
4554,answer
4555,answer
4556,answer
4557,answer
4558,answer
4559,answer
4560,answer
4561,answer
4562,answer
4563,answer
4564,answer
4565,answer
4566,answer
4567,answer
4568,answer
4569,answer
4570,answer
4571,answer
4572,answer
4573,answer
4574,answer
4575,answer
4576,answer
4577,answer
4578,answer
4579,answer
4580,answer
4581,answer
4582,answer
4583,answer
4584,answer
4585,answer
4586,answer
4587,answer
4588,answer
4589,answer
4590,answer
4591,answer
4592,answer
4593,answer
4594,answer
4595,answer
4596,answer
4597,answer
4598,answer
4599,answer
4600,answer
4601,answer
4602,answer
4603,answer
4604,answer
4605,answer
4606,answer
4607,answer
4608,answer
4609,answer
4610,answer
4611,answer
4612,answer
4613,answer
4614,answer
4615,answer
4616,answer
4617,answer
4618,answer
4619,answer
4620,answer
4621,answer
4622,answer
4623,answer
4624,answer
4625,answer
4626,answer
4627,answer
4628,answer
4629,answer
4630,answer
4631,answer
4632,answer
4633,answer
4634,answer
4635,answer
4636,answer
4637,answer
4638,answer
4639,answer
4640,answer
4641,answer
4642,answer
4643,answer
4644,answer
4645,answer
4646,answer
4647,answer
4648,answer
4649,answer
4650,answer
4651,answer
4652,answer
4653,answer
4654,answer
4655,answer
4656,answer
4657,answer
4658,answer
4659,answer
4660,answer
4661,answer
4662,answer
4663,answer
4664,answer
4665,answer
4666,answer
4667,answer
4668,answer
4669,answer
4670,answer
4671,answer
4672,answer
4673,answer
4674,answer
4675,answer
4676,answer
4677,answer
4678,answer
4679,answer
4680,answer
4681,answer
4682,answer
4683,answer
4684,answer
4685,answer
4686,answer
4687,answer
4688,answer
4689,answer
4690,answer
4691,answer
4692,answer
4693,answer
4694,answer
4695,answer
4696,answer
4697,answer
4698,answer
4699,answer
4700,answer
4701,answer
4702,answer
4703,answer
4704,answer
4705,answer
4706,answer
4707,answer
4708,answer
4709,answer
4710,answer
4711,answer
4712,answer
4713,answer
4714,answer
4715,answer
4716,answer
4717,answer
4718,answer
4719,answer
4720,answer
4721,answer
4722,answer
4723,answer
4724,answer
4725,answer
4726,answer
4727,answer
4728,answer
4729,answer
4730,answer
4731,answer
4732,answer
4733,answer
4734,answer
4735,answer
4736,answer
4737,answer
4738,answer
4739,answer
4740,answer
4741,answer
4742,answer
4743,answer
4744,answer
4745,answer
4746,answer
4747,answer
4748,answer
4749,answer
4750,answer
4751,answer
4752,answer
4753,answer
4754,answer
4755,answer
4756,answer
4757,answer
4758,answer
4759,answer
4760,answer
4761,answer
4762,answer
4763,answer
4764,answer
4765,answer
4766,answer
4767,answer
4768,answer
4769,answer
4770,answer
4771,answer
4772,answer
4773,answer
4774,answer
4775,answer
4776,answer
4777,answer
4778,answer
4779,answer
4780,answer
4781,answer
4782,answer
4783,answer
4784,answer
4785,answer
4786,answer
4787,answer
4788,answer
4789,answer
4790,answer
4791,answer
4792,answer
4793,answer
4794,answer
4795,answer
4796,answer
4797,answer
4798,answer
4799,answer
4800,answer
4801,answer
4802,answer
4803,answer
4804,answer
4805,answer
4806,answer
4807,answer
4808,answer
4809,answer
4810,answer
4811,answer
4812,answer
4813,answer
4814,answer
4815,answer
4816,answer
4817,answer
4818,answer
4819,answer
4820,answer
4821,answer
4822,answer
4823,answer
4824,answer
4825,answer
4826,answer
4827,answer
4828,answer
4829,answer
4830,answer
4831,answer
4832,answer
4833,answer
4834,answer
4835,answer
4836,answer
4837,answer
4838,answer
4839,answer
4840,answer
4841,answer
4842,answer
4843,answer
4844,answer
4845,answer
4846,answer
4847,answer
4848,answer
4849,answer
4850,answer
4851,answer
4852,answer
4853,answer
4854,answer
4855,answer
4856,answer
4857,answer
4858,answer
4859,answer
4860,answer
4861,answer
4862,answer
4863,answer
4864,answer
4865,answer
4866,answer
4867,answer
4868,answer
4869,answer
4870,answer
4871,answer
4872,answer
4873,answer
4874,answer
4875,answer
4876,answer
4877,answer
4878,answer
4879,answer
4880,answer
4881,answer
4882,answer
4883,answer
4884,answer
4885,answer
4886,answer
4887,answer
4888,answer
4889,answer
4890,answer
4891,answer
4892,answer
4893,answer
4894,answer
4895,answer
4896,answer
4897,answer
4898,answer
4899,answer
4900,answer
4901,answer
4902,answer
4903,answer
4904,answer
4905,answer
4906,answer
4907,answer
4908,answer
4909,answer
4910,answer
4911,answer
4912,answer
4913,answer
4914,answer
4915,answer
4916,answer
4917,answer
4918,answer
4919,answer
4920,answer
4921,answer
4922,answer
4923,answer
4924,answer
4925,answer
4926,answer
4927,answer
4928,answer
4929,answer
4930,answer
4931,answer
4932,answer
4933,answer
4934,answer
4935,answer
4936,answer
4937,answer
4938,answer
4939,answer
4940,answer
4941,answer
4942,answer
4943,answer
4944,answer
4945,answer
4946,answer
4947,answer
4948,answer
4949,answer
4950,answer
4951,answer
4952,answer
4953,answer
4954,answer
4955,answer
4956,answer
4957,answer
4958,answer
4959,answer
4960,answer
4961,answer
4962,answer
4963,answer
4964,answer
4965,answer
4966,answer
4967,answer
4968,answer
4969,answer
4970,answer
4971,answer
4972,answer
4973,answer
4974,answer
4975,answer
4976,answer
4977,answer
4978,answer
4979,answer
4980,answer
4981,answer
4982,answer
4983,answer
4984,answer
4985,answer
4986,answer
4987,answer
4988,answer
4989,answer
4990,answer
4991,answer
4992,answer
4993,answer
4994,answer
4995,answer
4996,answer
4997,answer
4998,answer
4999,answer
5000,answer
5001,answer
5002,answer
5003,answer
5004,answer
5005,answer
5006,answer
5007,answer
5008,answer
5009,answer
5010,answer
5011,answer
5012,answer
5013,answer
5014,answer
5015,answer
5016,answer
5017,answer
5018,answer
5019,answer
5020,answer
5021,answer
5022,answer
5023,answer
5024,answer
5025,answer
5026,answer
5027,answer
5028,answer
5029,answer
5030,answer
5031,answer
5032,answer
5033,answer
5034,answer
5035,answer
5036,answer
5037,answer
5038,answer
5039,answer
5040,answer
5041,answer
5042,answer
5043,answer
5044,answer
5045,answer
5046,answer
5047,answer
5048,answer
5049,answer
5050,answer
5051,answer
5052,answer
5053,answer
5054,answer
5055,answer
5056,answer
5057,answer
5058,answer
5059,answer
5060,answer
5061,answer
5062,answer
5063,answer
5064,answer
5065,answer
5066,answer
5067,answer
5068,answer
5069,answer
5070,answer
5071,answer
5072,answer
5073,answer
5074,answer
5075,answer
5076,answer
5077,answer
5078,answer
5079,answer
5080,answer
5081,answer
5082,answer
5083,answer
5084,answer
5085,answer
5086,answer
5087,answer
5088,answer
5089,answer
5090,answer
5091,answer
5092,answer
5093,answer
5094,answer
5095,answer
5096,answer
5097,answer
5098,answer
5099,answer
5100,answer
5101,answer
5102,answer
5103,answer
5104,answer
5105,answer
5106,answer
5107,answer
5108,answer
5109,answer
5110,answer
5111,answer
5112,answer
5113,answer
5114,answer
5115,answer
5116,answer
5117,answer
5118,answer
5119,answer
5120,answer
5121,answer
5122,answer
5123,answer
5124,answer
5125,answer
5126,answer
5127,answer
5128,answer
5129,answer
5130,answer
5131,answer
5132,answer
5133,answer
5134,answer
5135,answer
5136,answer
5137,answer
5138,answer
5139,answer
5140,answer
5141,answer
5142,answer
5143,answer
5144,answer
5145,answer
5146,answer
5147,answer
5148,answer
5149,answer
5150,answer
5151,answer
5152,answer
5153,answer
5154,answer
5155,answer
5156,answer
5157,answer
5158,answer
5159,answer
5160,answer
5161,answer
5162,answer
5163,answer
5164,answer
5165,answer
5166,answer
5167,answer
5168,answer
5169,answer
5170,answer
5171,answer
5172,answer
5173,answer
5174,answer
5175,answer
5176,answer
5177,answer
5178,answer
5179,answer
5180,answer
5181,answer
5182,answer
5183,answer
5184,answer
5185,answer
5186,answer
5187,answer
5188,answer
5189,answer
5190,answer
5191,answer
5192,answer
5193,answer
5194,answer
5195,answer
5196,answer
5197,answer
5198,answer
5199,answer
5200,answer
5201,answer
5202,answer
5203,answer
5204,answer
5205,answer
5206,answer
5207,answer
5208,answer
5209,answer
5210,answer
5211,answer
5212,answer
5213,answer
5214,answer
5215,answer
5216,answer
5217,answer
5218,answer
5219,answer
5220,answer
5221,answer
5222,answer
5223,answer
5224,answer
5225,answer
5226,answer
5227,answer
5228,answer
5229,answer
5230,answer
5231,answer
5232,answer
5233,answer
5234,answer
5235,answer
5236,answer
5237,answer
5238,answer
5239,answer
5240,answer
5241,answer
5242,answer
5243,answer
5244,answer
5245,answer
5246,answer
5247,answer
5248,answer
5249,answer
5250,answer
5251,answer
5252,answer
5253,answer
5254,answer
5255,answer
5256,answer
5257,answer
5258,answer
5259,answer
5260,answer
5261,answer
5262,answer
5263,answer
5264,answer
5265,answer
5266,answer
5267,answer
5268,answer
5269,answer
5270,answer
5271,answer
5272,answer
5273,answer
5274,answer
5275,answer
5276,answer
5277,answer
5278,answer
5279,answer
5280,answer
5281,answer
5282,answer
5283,answer
5284,answer
5285,answer
5286,answer
5287,answer
5288,answer
5289,answer
5290,answer
5291,answer
5292,answer
5293,answer
5294,answer
5295,answer
5296,answer
5297,answer
5298,answer
5299,answer
5300,answer
5301,answer
5302,answer
5303,answer
5304,answer
5305,answer
5306,answer
5307,answer
5308,answer
5309,answer
5310,answer
5311,answer
5312,answer
5313,answer
5314,answer
5315,answer
5316,answer
5317,answer
5318,answer
5319,answer
5320,answer
5321,answer
5322,answer
5323,answer
5324,answer
5325,answer
5326,answer
5327,answer
5328,answer
5329,answer
5330,answer
5331,answer
5332,answer
5333,answer
5334,answer
5335,answer
5336,answer
5337,answer
5338,answer
5339,answer
5340,answer
5341,answer
5342,answer
5343,answer
5344,answer
5345,answer
5346,answer
5347,answer
5348,answer
5349,answer
5350,answer
5351,answer
5352,answer
5353,answer
5354,answer
5355,answer
5356,answer
5357,answer
5358,answer
5359,answer
5360,answer
5361,answer
5362,answer
5363,answer
5364,answer
5365,answer
5366,answer
5367,answer
5368,answer
5369,answer
5370,answer
5371,answer
5372,answer
5373,answer
5374,answer
5375,answer
5376,answer
5377,answer
5378,answer
5379,answer
5380,answer
5381,answer
5382,answer
5383,answer
5384,answer
5385,answer
5386,answer
5387,answer
5388,answer
5389,answer
5390,answer
5391,answer
5392,answer
5393,answer
5394,answer
5395,answer
5396,answer
5397,answer
5398,answer
5399,answer
5400,answer
5401,answer
5402,answer
5403,answer
5404,answer
5405,answer
5406,answer
5407,answer
5408,answer
5409,answer
5410,answer
5411,answer
5412,answer
5413,answer
5414,answer
5415,answer
5416,answer
5417,answer
5418,answer
5419,answer
5420,answer
5421,answer
5422,answer
5423,answer
5424,answer
5425,answer
5426,answer
5427,answer
5428,answer
5429,answer
5430,answer
5431,answer
5432,answer
5433,answer
5434,answer
5435,answer
5436,answer
5437,answer
5438,answer
5439,answer
5440,answer
5441,answer
5442,answer
5443,answer
5444,answer
5445,answer
5446,answer
5447,answer
5448,answer
5449,answer
5450,answer
5451,answer
5452,answer
5453,answer
5454,answer
5455,answer
5456,answer
5457,answer
5458,answer
5459,answer
5460,answer
5461,answer
5462,answer
5463,answer
5464,answer
5465,answer
5466,answer
5467,answer
5468,answer
5469,answer
5470,answer
5471,answer
5472,answer
5473,answer
5474,answer
5475,answer
5476,answer
5477,answer
5478,answer
5479,answer
5480,answer
5481,answer
5482,answer
5483,answer
5484,answer
5485,answer
5486,answer
5487,answer
5488,answer
5489,answer
5490,answer
5491,answer
5492,answer
5493,answer
5494,answer
5495,answer
5496,answer
5497,answer
5498,answer
5499,answer
5500,answer
5501,answer
5502,answer
5503,answer
5504,answer
5505,answer
5506,answer
5507,answer
5508,answer
5509,answer
5510,answer
5511,answer
5512,answer
5513,answer
5514,answer
5515,answer
5516,answer
5517,answer
5518,answer
5519,answer
5520,answer
5521,answer
5522,answer
5523,answer
5524,answer
5525,answer
5526,answer
5527,answer
5528,answer
5529,answer
5530,answer
5531,answer
5532,answer
5533,answer
5534,answer
5535,answer
5536,answer
5537,answer
5538,answer
5539,answer
5540,answer
5541,answer
5542,answer
5543,answer
5544,answer
5545,answer
5546,answer
5547,answer
5548,answer
5549,answer
5550,answer
5551,answer
5552,answer
5553,answer
5554,answer
5555,answer
5556,answer
5557,answer
5558,answer
5559,answer
5560,answer
5561,answer
5562,answer
5563,answer
5564,answer
5565,answer
5566,answer
5567,answer
5568,answer
5569,answer
5570,answer
5571,answer
5572,answer
5573,answer
5574,answer
5575,answer
5576,answer
5577,answer
5578,answer
5579,answer
5580,answer
5581,answer
5582,answer
5583,answer
5584,answer
5585,answer
5586,answer
5587,answer
5588,answer
5589,answer
5590,answer
5591,answer
5592,answer
5593,answer
5594,answer
5595,answer
5596,answer
5597,answer
5598,answer
5599,answer
5600,answer
5601,answer
5602,answer
5603,answer
5604,answer
5605,answer
5606,answer
5607,answer
5608,answer
5609,answer
5610,answer
5611,answer
5612,answer
5613,answer
5614,answer
5615,answer
5616,answer
5617,answer
5618,answer
5619,answer
5620,answer
5621,answer
5622,answer
5623,answer
5624,answer
5625,answer
5626,answer
5627,answer
5628,answer
5629,answer
5630,answer
5631,answer
5632,answer
5633,answer
5634,answer
5635,answer
5636,answer
5637,answer
5638,answer
5639,answer
5640,answer
5641,answer
5642,answer
5643,answer
5644,answer
5645,answer
5646,answer
5647,answer
5648,answer
5649,answer
5650,answer
5651,answer
5652,answer
5653,answer
5654,answer
5655,answer
5656,answer
5657,answer
5658,answer
5659,answer
5660,answer
5661,answer
5662,answer
5663,answer
5664,answer
5665,answer
5666,answer
5667,answer
5668,answer
5669,answer
5670,answer
5671,answer
5672,answer
5673,answer
5674,answer
5675,answer
5676,answer
5677,answer
5678,answer
5679,answer
5680,answer
5681,answer
5682,answer
5683,answer
5684,answer
5685,answer
5686,answer
5687,answer
5688,answer
5689,answer
5690,answer
5691,answer
5692,answer
5693,answer
5694,answer
5695,answer
5696,answer
5697,answer
5698,answer
5699,answer
5700,answer
5701,answer
5702,answer
5703,answer
5704,answer
5705,answer
5706,answer
5707,answer
5708,answer
5709,answer
5710,answer
5711,answer
5712,answer
5713,answer
5714,answer
5715,answer
5716,answer
5717,answer
5718,answer
5719,answer
5720,answer
5721,answer
5722,answer
5723,answer
5724,answer
5725,answer
5726,answer
5727,answer
5728,answer
5729,answer
5730,answer
5731,answer
5732,answer
5733,answer
5734,answer
5735,answer
5736,answer
5737,answer
5738,answer
5739,answer
5740,answer
5741,answer
5742,answer
5743,answer
5744,answer
5745,answer
5746,answer
5747,answer
5748,answer
5749,answer
5750,answer
5751,answer
5752,answer
5753,answer
5754,answer
5755,answer
5756,answer
5757,answer
5758,answer
5759,answer
5760,answer
5761,answer
5762,answer
5763,answer
5764,answer
5765,answer
5766,answer
5767,answer
5768,answer
5769,answer
5770,answer
5771,answer
5772,answer
5773,answer
5774,answer
5775,answer
5776,answer
5777,answer
5778,answer
5779,answer
5780,answer
5781,answer
5782,answer
5783,answer
5784,answer
5785,answer
5786,answer
5787,answer
5788,answer
5789,answer
5790,answer
5791,answer
5792,answer
5793,answer
5794,answer
5795,answer
5796,answer
5797,answer
5798,answer
5799,answer
5800,answer
5801,answer
5802,answer
5803,answer
5804,answer
5805,answer
5806,answer
5807,answer
5808,answer
5809,answer
5810,answer
5811,answer
5812,answer
5813,answer
5814,answer
5815,answer
5816,answer
5817,answer
5818,answer
5819,answer
5820,answer
5821,answer
5822,answer
5823,answer
5824,answer
5825,answer
5826,answer
5827,answer
5828,answer
5829,answer
5830,answer
5831,answer
5832,answer
5833,answer
5834,answer
5835,answer
5836,answer
5837,answer
5838,answer
5839,answer
5840,answer
5841,answer
5842,answer
5843,answer
5844,answer
5845,answer
5846,answer
5847,answer
5848,answer
5849,answer
5850,answer
5851,answer
5852,answer
5853,answer
5854,answer
5855,answer
5856,answer
5857,answer
5858,answer
5859,answer
5860,answer
5861,answer
5862,answer
5863,answer
5864,answer
5865,answer
5866,answer
5867,answer
5868,answer
5869,answer
5870,answer
5871,answer
5872,answer
5873,answer
5874,answer
5875,answer
5876,answer
5877,answer
5878,answer
5879,answer
5880,answer
5881,answer
5882,answer
5883,answer
5884,answer
5885,answer
5886,answer
5887,answer
5888,answer
5889,answer
5890,answer
5891,answer
5892,answer
5893,answer
5894,answer
5895,answer
5896,answer
5897,answer
5898,answer
5899,answer
5900,answer
5901,answer
5902,answer
5903,answer
5904,answer
5905,answer
5906,answer
5907,answer
5908,answer
5909,answer
5910,answer
5911,answer
5912,answer
5913,answer
5914,answer
5915,answer
5916,answer
5917,answer
5918,answer
5919,answer
5920,answer
5921,answer
5922,answer
5923,answer
5924,answer
5925,answer
5926,answer
5927,answer
5928,answer
5929,answer
5930,answer
5931,answer
5932,answer
5933,answer
5934,answer
5935,answer
5936,answer
5937,answer
5938,answer
5939,answer
5940,answer
5941,answer
5942,answer
5943,answer
5944,answer
5945,answer
5946,answer
5947,answer
5948,answer
5949,answer
5950,answer
5951,answer
5952,answer
5953,answer
5954,answer
5955,answer
5956,answer
5957,answer
5958,answer
5959,answer
5960,answer
5961,answer
5962,answer
5963,answer
5964,answer
5965,answer
5966,answer
5967,answer
5968,answer
5969,answer
5970,answer
5971,answer
5972,answer
5973,answer
5974,answer
5975,answer
5976,answer
5977,answer
5978,answer
5979,answer
5980,answer
5981,answer
5982,answer
5983,answer
5984,answer
5985,answer
5986,answer
5987,answer
5988,answer
5989,answer
5990,answer
5991,answer
5992,answer
5993,answer
5994,answer
5995,answer
5996,answer
5997,answer
5998,answer
5999,answer
6000,answer
6001,answer
6002,answer
6003,answer
6004,answer
6005,answer
6006,answer
6007,answer
6008,answer
6009,answer
6010,answer
6011,answer
6012,answer
6013,answer
6014,answer
6015,answer
6016,answer
6017,answer
6018,answer
6019,answer
6020,answer
6021,answer
6022,answer
6023,answer
6024,answer
6025,answer
6026,answer
6027,answer
6028,answer
6029,answer
6030,answer
6031,answer
6032,answer
6033,answer
6034,answer
6035,answer
6036,answer
6037,answer
6038,answer
6039,answer
6040,answer
6041,answer
6042,answer
6043,answer
6044,answer
6045,answer
6046,answer
6047,answer
6048,answer
6049,answer
6050,answer
6051,answer
6052,answer
6053,answer
6054,answer
6055,answer
6056,answer
6057,answer
6058,answer
6059,answer
6060,answer
6061,answer
6062,answer
6063,answer
6064,answer
6065,answer
6066,answer
6067,answer
6068,answer
6069,answer
6070,answer
6071,answer
6072,answer
6073,answer
6074,answer
6075,answer
6076,answer
6077,answer
6078,answer
6079,answer
6080,answer
6081,answer
6082,answer
6083,answer
6084,answer
6085,answer
6086,answer
6087,answer
6088,answer
6089,answer
6090,answer
6091,answer
6092,answer
6093,answer
6094,answer
6095,answer
6096,answer
6097,answer
6098,answer
6099,answer
6100,answer
6101,answer
6102,answer
6103,answer
6104,answer
6105,answer
6106,answer
6107,answer
6108,answer
6109,answer
6110,answer
6111,answer
6112,answer
6113,answer
6114,answer
6115,answer
6116,answer
6117,answer
6118,answer
6119,answer
6120,answer
6121,answer
6122,answer
6123,answer
6124,answer
6125,answer
6126,answer
6127,answer
6128,answer
6129,answer
6130,answer
6131,answer
6132,answer
6133,answer
6134,answer
6135,answer
6136,answer
6137,answer
6138,answer
6139,answer
6140,answer
6141,answer
6142,answer
6143,answer
6144,answer
6145,answer
6146,answer
6147,answer
6148,answer
6149,answer
6150,answer
6151,answer
6152,answer
6153,answer
6154,answer
6155,answer
6156,answer
6157,answer
6158,answer
6159,answer
6160,answer
6161,answer
6162,answer
6163,answer
6164,answer
6165,answer
6166,answer
6167,answer
6168,answer
6169,answer
6170,answer
6171,answer
6172,answer
6173,answer
6174,answer
6175,answer
6176,answer
6177,answer
6178,answer
6179,answer
6180,answer
6181,answer
6182,answer
6183,answer
6184,answer
6185,answer
6186,answer
6187,answer
6188,answer
6189,answer
6190,answer
6191,answer
6192,answer
6193,answer
6194,answer
6195,answer
6196,answer
6197,answer
6198,answer
6199,answer
6200,answer
6201,answer
6202,answer
6203,answer
6204,answer
6205,answer
6206,answer
6207,answer
6208,answer
6209,answer
6210,answer
6211,answer
6212,answer
6213,answer
6214,answer
6215,answer
6216,answer
6217,answer
6218,answer
6219,answer
6220,answer
6221,answer
6222,answer
6223,answer
6224,answer
6225,answer
6226,answer
6227,answer
6228,answer
6229,answer
6230,answer
6231,answer
6232,answer
6233,answer
6234,answer
6235,answer
6236,answer
6237,answer
6238,answer
6239,answer
6240,answer
6241,answer
6242,answer
6243,answer
6244,answer
6245,answer
6246,answer
6247,answer
6248,answer
6249,answer
6250,answer
6251,answer
6252,answer
6253,answer
6254,answer
6255,answer
6256,answer
6257,answer
6258,answer
6259,answer
6260,answer
6261,answer
6262,answer
6263,answer
6264,answer
6265,answer
6266,answer
6267,answer
6268,answer
6269,answer
6270,answer
6271,answer
6272,answer
6273,answer
6274,answer
6275,answer
6276,answer
6277,answer
6278,answer
6279,answer
6280,answer
6281,answer
6282,answer
6283,answer
6284,answer
6285,answer
6286,answer
6287,answer
6288,answer
6289,answer
6290,answer
6291,answer
6292,answer
6293,answer
6294,answer
6295,answer
6296,answer
6297,answer
6298,answer
6299,answer
6300,answer
6301,answer
6302,answer
6303,answer
6304,answer
6305,answer
6306,answer
6307,answer
6308,answer
6309,answer
6310,answer
6311,answer
6312,answer
6313,answer
6314,answer
6315,answer
6316,answer
6317,answer
6318,answer
6319,answer
6320,answer
6321,answer
6322,answer
6323,answer
6324,answer
6325,answer
6326,answer
6327,answer
6328,answer
6329,answer
6330,answer
6331,answer
6332,answer
6333,answer
6334,answer
6335,answer
6336,answer
6337,answer
6338,answer
6339,answer
6340,answer
6341,answer
6342,answer
6343,answer
6344,answer
6345,answer
6346,answer
6347,answer
6348,answer
6349,answer
6350,answer
6351,answer
6352,answer
6353,answer
6354,answer
6355,answer
6356,answer
6357,answer
6358,answer
6359,answer
6360,answer
6361,answer
6362,answer
6363,answer
6364,answer
6365,answer
6366,answer
6367,answer
6368,answer
6369,answer
6370,answer
6371,answer
6372,answer
6373,answer
6374,answer
6375,answer
6376,answer
6377,answer
6378,answer
6379,answer
6380,answer
6381,answer
6382,answer
6383,answer
6384,answer
6385,answer
6386,answer
6387,answer
6388,answer
6389,answer
6390,answer
6391,answer
6392,answer
6393,answer
6394,answer
6395,answer
6396,answer
6397,answer
6398,answer
6399,answer
6400,answer
6401,answer
6402,answer
6403,answer
6404,answer
6405,answer
6406,answer
6407,answer
6408,answer
6409,answer
6410,answer
6411,answer
6412,answer
6413,answer
6414,answer
6415,answer
6416,answer
6417,answer
6418,answer
6419,answer
6420,answer
6421,answer
6422,answer
6423,answer
6424,answer
6425,answer
6426,answer
6427,answer
6428,answer
6429,answer
6430,answer
6431,answer
6432,answer
6433,answer
6434,answer
6435,answer
6436,answer
6437,answer
6438,answer
6439,answer
6440,answer
6441,answer
6442,answer
6443,answer
6444,answer
6445,answer
6446,answer
6447,answer
6448,answer
6449,answer
6450,answer
6451,answer
6452,answer
6453,answer
6454,answer
6455,answer
6456,answer
6457,answer
6458,answer
6459,answer
6460,answer
6461,answer
6462,answer
6463,answer
